pattern,tf,params,ret,dd,sharpe,trades,ret_y2
v1 trend_ema (referencia),1d,"{'fast': 20, 'slow': 60, 'adx_min': 15}",0.19936045248963108,-0.2465560086662952,0.4985678257454772,20,-0.0293885463778899
v1 trend_ema (referencia),1d,"{'fast': 20, 'slow': 60, 'adx_min': 20}",0.3196837793135705,-0.1546115125361095,0.7820152664800906,21,-0.010656645259157327
v1 trend_ema (referencia),1d,"{'fast': 20, 'slow': 60, 'adx_min': 25}",0.336514499556968,-0.13977515165396295,0.9044395821097333,17,-0.03384833726373848
v1 trend_ema (referencia),1d,"{'fast': 20, 'slow': 100, 'adx_min': 15}",0.1461003535997667,-0.20801294692559485,0.40667160206318087,19,0.0006684362848823344
v1 trend_ema (referencia),1d,"{'fast': 20, 'slow': 100, 'adx_min': 20}",0.3436491828952404,-0.20714631471236797,0.8299709010068487,21,0.11369694066034586
v1 trend_ema (referencia),1d,"{'fast': 20, 'slow': 100, 'adx_min': 25}",0.36754837320203815,-0.11851834854405333,0.9639787535720428,16,0.010623935791467476
v1 trend_ema (referencia),1d,"{'fast': 30, 'slow': 60, 'adx_min': 15}",0.08474733353087904,-0.25071955235118965,0.29023182760023225,24,-0.0719036516136271
v1 trend_ema (referencia),1d,"{'fast': 30, 'slow': 60, 'adx_min': 20}",0.2588781934192139,-0.14722298938115402,0.6752547691645564,23,0.006128117466251304
v1 trend_ema (referencia),1d,"{'fast': 30, 'slow': 60, 'adx_min': 25}",0.25680831944901383,-0.14553955391879875,0.7403007895464291,19,-0.04149671547848055
v1 trend_ema (referencia),1d,"{'fast': 30, 'slow': 100, 'adx_min': 15}",0.03318375454864264,-0.2518321505719532,0.18746210478793807,23,-0.07460938786608207
v1 trend_ema (referencia),1d,"{'fast': 30, 'slow': 100, 'adx_min': 20}",0.23969341380917575,-0.2333701676685509,0.6266877463833507,27,0.06393110476647657
v1 trend_ema (referencia),1d,"{'fast': 30, 'slow': 100, 'adx_min': 25}",0.3310356765831832,-0.13624866183243628,0.8745113313001074,20,0.0012814415857600459
ruptura Donchian,1d,"{'n': 20, 'exit_n': 10}",0.003959385894203971,-0.3329722924404663,0.115016247774788,29,-0.21462292131690863
ruptura Donchian,1d,"{'n': 20, 'exit_n': 20}",0.36897676430444526,-0.3576145016106878,0.7108996509018156,23,-0.06496661872385268
ruptura Donchian,1d,"{'n': 40, 'exit_n': 10}",0.0815374396016606,-0.22925012603922662,0.3014012338792115,21,-0.12967303862932578
ruptura Donchian,1d,"{'n': 40, 'exit_n': 20}",0.4287007472540014,-0.21848621117213646,0.9039538367761903,17,0.07709767721381189
ruptura Donchian,1d,"{'n': 55, 'exit_n': 10}",-0.0018400377728550188,-0.1489337825709943,0.07551896537093525,16,-0.017154228328894572
ruptura Donchian,1d,"{'n': 55, 'exit_n': 20}",0.1104786378810747,-0.1629911639639102,0.37157458132921095,14,0.01926503917412714
retroceso a la media,1d,"{'fast': 20, 'slow': 60, 'dip': 0.97}",0.036894680348143805,-0.20029503705867147,0.1898030340793011,12,-0.05313141531487875
retroceso a la media,1d,"{'fast': 20, 'slow': 60, 'dip': 0.985}",0.3097519121192476,-0.22107510859858026,0.7429753767115117,14,0.06732550428979
retroceso a la media,1d,"{'fast': 20, 'slow': 100, 'dip': 0.97}",-0.038461548983324434,-0.2616911844576247,0.014241242743626658,11,-0.03170001115608101
retroceso a la media,1d,"{'fast': 20, 'slow': 100, 'dip': 0.985}",0.14527001385610072,-0.25617987154851646,0.41961499613259684,10,-0.0003899917676630782
RSI bajo en tendencia,1d,"{'slow': 100, 'low': 30, 'high': 55}",0.0,0.0,0.0,0,0.0
RSI bajo en tendencia,1d,"{'slow': 100, 'low': 30, 'high': 60}",0.0,0.0,0.0,0,0.0
RSI bajo en tendencia,1d,"{'slow': 100, 'low': 35, 'high': 55}",0.05836275395150348,-0.006676697687134504,1.288036044247281,1,0.04275923458015507
RSI bajo en tendencia,1d,"{'slow': 100, 'low': 35, 'high': 60}",0.07760078688198901,-0.006676697687134504,1.5107748421901566,1,0.06171363978623634
RSI bajo en tendencia,1d,"{'slow': 100, 'low': 40, 'high': 55}",0.09905862940931964,-0.026564954874856737,1.2169399345655423,4,0.040497218575854754
RSI bajo en tendencia,1d,"{'slow': 100, 'low': 40, 'high': 60}",0.0852578613627537,-0.051124838375253535,0.8537161381594701,4,0.055079341316434105
momentum (ROC),1d,"{'n': 20, 'exit_n': 10}",0.13201562311926351,-0.4109985908915932,0.3752664473616915,137,-0.18674767089010125
momentum (ROC),1d,"{'n': 20, 'exit_n': 20}",0.3290731068962194,-0.3180281090151044,0.6653253502436782,88,-0.04471471957327078
momentum (ROC),1d,"{'n': 30, 'exit_n': 10}",0.5096264916388744,-0.3189518213317458,0.9767216972121416,143,-0.036536702707013036
momentum (ROC),1d,"{'n': 30, 'exit_n': 20}",0.6479786275043553,-0.23904044870280283,1.0930234558127858,115,0.06989152945021315
momentum (ROC),1d,"{'n': 60, 'exit_n': 10}",0.1413699476801087,-0.3060180256120315,0.41669953691251055,152,0.01948150999924536
momentum (ROC),1d,"{'n': 60, 'exit_n': 20}",0.33670313265961793,-0.19747168219303957,0.7609764381511003,134,0.11225477017006025
medias alineadas,1d,"{'n1': 8, 'n2': 20, 'n3': 50}",0.34336332335265185,-0.2065318060652926,0.7735176330419389,26,0.09897381783999082
medias alineadas,1d,"{'n1': 8, 'n2': 20, 'n3': 100}",0.2939852029966181,-0.19402317154355186,0.7291688961726924,21,0.037500440736456975
medias alineadas,1d,"{'n1': 8, 'n2': 30, 'n3': 50}",0.36566887766553524,-0.21245789813731933,0.8144084181818544,20,0.11932224219548915
medias alineadas,1d,"{'n1': 8, 'n2': 30, 'n3': 100}",0.17224102081542392,-0.21204357818088107,0.48953128813248536,21,-0.02728759686065041
medias alineadas,1d,"{'n1': 10, 'n2': 20, 'n3': 50}",0.2973194996084245,-0.2235226106209658,0.6928315424854912,28,0.09696780957435802
medias alineadas,1d,"{'n1': 10, 'n2': 20, 'n3': 100}",0.24289111758405846,-0.2248279036703227,0.6294981293806363,23,0.030796440558456428
medias alineadas,1d,"{'n1': 10, 'n2': 30, 'n3': 50}",0.34918168888105017,-0.22004427288108283,0.7833441251066264,19,0.10632670173906056
medias alineadas,1d,"{'n1': 10, 'n2': 30, 'n3': 100}",0.163568831363329,-0.22187586943144588,0.46960892689566996,20,-0.03398935095898303
vela envolvente,1d,"{'slow': 60, 'hold': 5}",-0.1096381907038445,-0.19677887180258896,-0.43924283961230637,50,0.03202124729000477
vela envolvente,1d,"{'slow': 60, 'hold': 10}",0.02576723547480575,-0.2228158456225644,0.1590341247467945,47,0.05058519126691374
vela envolvente,1d,"{'slow': 60, 'hold': 20}",-0.17029747812003426,-0.38066830618639275,-0.3620376332089733,47,-0.08656835943349672
vela envolvente,1d,"{'slow': 100, 'hold': 5}",-0.16401125776604086,-0.2184071448906577,-0.8392791775133108,45,0.010828441748636397
vela envolvente,1d,"{'slow': 100, 'hold': 10}",0.0060180190213605655,-0.17285973372782992,0.09285083326423026,41,0.09223574747936425
vela envolvente,1d,"{'slow': 100, 'hold': 20}",-0.3247106210802896,-0.44223333067878917,-0.9353859121194698,44,-0.1521897988505343
ruptura + volumen,1d,"{'n': 20, 'vol_mult': 1.3}",0.11090775558385979,-0.2594019307352801,0.35834063285139295,23,-0.16261530178322925
ruptura + volumen,1d,"{'n': 20, 'vol_mult': 1.5}",0.21366074349478748,-0.19604604117915803,0.5920066937603786,19,-0.11040344412278091
ruptura + volumen,1d,"{'n': 20, 'vol_mult': 2.0}",0.19944992423894226,-0.14980294522666626,0.5994912153746037,16,0.011475357283753596
ruptura + volumen,1d,"{'n': 40, 'vol_mult': 1.3}",0.21163582744280784,-0.1495959507621145,0.6170610067068519,16,-0.06001325906444632
ruptura + volumen,1d,"{'n': 40, 'vol_mult': 1.5}",0.24546143950570887,-0.12714161347769196,0.699674250607604,15,-0.033771358550277464
ruptura + volumen,1d,"{'n': 40, 'vol_mult': 2.0}",0.2052915347267139,-0.1451560615268929,0.62982802601946,13,-0.023703968180820656
compresión Bollinger,1d,"{'n': 20, 'sq': 0.05}",0.043471118527723895,-0.03453060447589038,0.3436805001663543,5,0.06937658968361626
compresión Bollinger,1d,"{'n': 20, 'sq': 0.08}",-0.00481541099665006,-0.08467883999551666,0.0056034239776063715,10,0.024441404718314796
compresión Bollinger,1d,"{'n': 20, 'sq': 0.12}",-0.02876251102892624,-0.2871747926637582,-0.019095649898399444,23,-0.09609534456130553
cruce MACD filtrado,1d,{'trend': 60},-0.06442114079395811,-0.2536636505019317,-0.13864153378461042,35,-0.0623638730713344
cruce MACD filtrado,1d,{'trend': 100},-0.15999916243447332,-0.2815006713588663,-0.5230926996385739,36,-0.12398632958584355
cruce MACD filtrado,1d,{'trend': 200},-0.17115653002434494,-0.289854929953898,-0.5636050717915795,37,-0.12588895456484428
v1 trend_ema (referencia),4h,"{'fast': 20, 'slow': 60, 'adx_min': 15}",0.05460026088681835,-0.3670116454158836,0.22956515403042424,176,-0.15629635290005806
v1 trend_ema (referencia),4h,"{'fast': 20, 'slow': 60, 'adx_min': 20}",0.08888129836505754,-0.3400213420086399,0.31150091904843263,164,-0.13935511945631507
v1 trend_ema (referencia),4h,"{'fast': 20, 'slow': 60, 'adx_min': 25}",0.10205329493637283,-0.20990920104619826,0.3702552910003119,118,-0.0730361131431454
v1 trend_ema (referencia),4h,"{'fast': 20, 'slow': 100, 'adx_min': 15}",0.13771388707345578,-0.35344752110855265,0.38940198996923564,166,-0.14212599301685258
v1 trend_ema (referencia),4h,"{'fast': 20, 'slow': 100, 'adx_min': 20}",0.10302062670686518,-0.33304890049723457,0.338771261397446,163,-0.1274123492751107
v1 trend_ema (referencia),4h,"{'fast': 20, 'slow': 100, 'adx_min': 25}",0.08225803993641612,-0.2097062279472993,0.31319905328407904,131,-0.07864081083545227
v1 trend_ema (referencia),4h,"{'fast': 30, 'slow': 60, 'adx_min': 15}",0.00015076194123131437,-0.3965274858258991,0.11676070539316644,177,-0.19560679208020038
v1 trend_ema (referencia),4h,"{'fast': 30, 'slow': 60, 'adx_min': 20}",0.04622248079971958,-0.35534849253029843,0.21182909261861138,166,-0.16075931101321173
v1 trend_ema (referencia),4h,"{'fast': 30, 'slow': 60, 'adx_min': 25}",0.03175127236235431,-0.2336421399439862,0.17611764858894163,132,-0.11147538873980023
v1 trend_ema (referencia),4h,"{'fast': 30, 'slow': 100, 'adx_min': 15}",0.12890301174170649,-0.339427738645801,0.3731421376769701,166,-0.13742998611594104
v1 trend_ema (referencia),4h,"{'fast': 30, 'slow': 100, 'adx_min': 20}",0.0622352677061786,-0.35707863300959974,0.2482713533360936,164,-0.1440097668221657
v1 trend_ema (referencia),4h,"{'fast': 30, 'slow': 100, 'adx_min': 25}",0.009520954279082616,-0.22982916976260545,0.11392870007541027,134,-0.10620632540931418
ruptura Donchian,4h,"{'n': 20, 'exit_n': 10}",0.07459291465383933,-0.30159933394318916,0.26827731525616866,156,-0.06006724509225936
ruptura Donchian,4h,"{'n': 20, 'exit_n': 20}",-0.06873155376632889,-0.37305338646114017,0.0005204531169042341,138,-0.06592138821742743
ruptura Donchian,4h,"{'n': 40, 'exit_n': 10}",0.2915860677185824,-0.19795241967119917,0.7537900500128484,97,-0.009881508780827275
ruptura Donchian,4h,"{'n': 40, 'exit_n': 20}",0.24337128876390346,-0.21200784081535773,0.6038769684355976,87,-0.023185331496615502
ruptura Donchian,4h,"{'n': 55, 'exit_n': 10}",0.12328978800898205,-0.20421415050747208,0.4124957284679748,94,-0.0926349494337877
ruptura Donchian,4h,"{'n': 55, 'exit_n': 20}",0.09526600749687075,-0.24266442532139967,0.3238970337237035,88,-0.09171935433471246
retroceso a la media,4h,"{'fast': 20, 'slow': 60, 'dip': 0.97}",0.11521515785047298,-0.19929220698240555,0.4360080901584453,47,-0.10403167339681019
retroceso a la media,4h,"{'fast': 20, 'slow': 60, 'dip': 0.985}",-0.01748745588901668,-0.31093063852429653,0.050450931482045776,77,-0.17215632503318679
retroceso a la media,4h,"{'fast': 20, 'slow': 100, 'dip': 0.97}",0.06788106568976038,-0.23361869363278967,0.28252724222547515,39,-0.15450450196184085
retroceso a la media,4h,"{'fast': 20, 'slow': 100, 'dip': 0.985}",0.21694073543496617,-0.3016858694514716,0.5771251110045343,55,-0.16793776245329262
RSI bajo en tendencia,4h,"{'slow': 100, 'low': 30, 'high': 55}",-0.012419404412243762,-0.018792551669052755,-0.7071067811865475,1,0.0
RSI bajo en tendencia,4h,"{'slow': 100, 'low': 30, 'high': 60}",-0.012419404412243762,-0.018792551669052755,-0.7071067811865475,1,0.0
RSI bajo en tendencia,4h,"{'slow': 100, 'low': 35, 'high': 55}",0.014707401773061513,-0.028757520328006735,0.32096106562070154,5,0.019780517687399746
RSI bajo en tendencia,4h,"{'slow': 100, 'low': 35, 'high': 60}",0.024037855706388722,-0.028497976711564038,0.5087459618526601,5,0.019596756892662937
RSI bajo en tendencia,4h,"{'slow': 100, 'low': 40, 'high': 55}",-0.005229493166277077,-0.07828814685310136,-0.024911056435838005,38,0.040674354264369716
RSI bajo en tendencia,4h,"{'slow': 100, 'low': 40, 'high': 60}",0.010679823275860922,-0.07268744727912878,0.1248228934811848,38,0.05799048290172415
momentum (ROC),4h,"{'n': 20, 'exit_n': 10}",-0.41818893870401364,-0.5679298071161439,-0.9182517193836632,879,-0.24752768754660026
momentum (ROC),4h,"{'n': 20, 'exit_n': 20}",-0.22087450827004118,-0.4934618823120018,-0.3200602639089581,457,-0.20580730289198645
momentum (ROC),4h,"{'n': 30, 'exit_n': 10}",-0.5118076708246969,-0.6155758258490686,-1.227159379353333,1013,-0.26495697734457513
momentum (ROC),4h,"{'n': 30, 'exit_n': 20}",-0.38473290388696113,-0.5684975012805284,-0.7497649278408711,729,-0.32680690347754593
momentum (ROC),4h,"{'n': 60, 'exit_n': 10}",-0.502638417012933,-0.6066573195904227,-1.259680692242021,1042,-0.3564540704955089
momentum (ROC),4h,"{'n': 60, 'exit_n': 20}",-0.38160383807528464,-0.5524274018108193,-0.7888559263035053,872,-0.3453985818618378
medias alineadas,4h,"{'n1': 8, 'n2': 20, 'n3': 50}",0.013116205282299731,-0.3159199600872178,0.1416778624715361,188,-0.14017338630626008
medias alineadas,4h,"{'n1': 8, 'n2': 20, 'n3': 100}",0.07769980142486554,-0.26636944803186297,0.2789045692024726,167,-0.08893394919936504
medias alineadas,4h,"{'n1': 8, 'n2': 30, 'n3': 50}",0.12725140309713256,-0.27905261189418495,0.37581457229305515,155,-0.10918158826842084
medias alineadas,4h,"{'n1': 8, 'n2': 30, 'n3': 100}",0.1341991569809735,-0.2895280947481581,0.39626103686759423,143,-0.11126055212900288
medias alineadas,4h,"{'n1': 10, 'n2': 20, 'n3': 50}",-0.0007600628489261574,-0.3296249018816806,0.11130840835039527,184,-0.1559753402931533
medias alineadas,4h,"{'n1': 10, 'n2': 20, 'n3': 100}",0.05796115587258277,-0.2724271929107884,0.23684599628616987,161,-0.09995655979291596
medias alineadas,4h,"{'n1': 10, 'n2': 30, 'n3': 50}",0.06422880356616467,-0.28637314837148087,0.24906463082537186,153,-0.11431273004710618
medias alineadas,4h,"{'n1': 10, 'n2': 30, 'n3': 100}",0.11999314049087606,-0.2783838123263287,0.36619055474881157,136,-0.09094744247186148
vela envolvente,4h,"{'slow': 60, 'hold': 5}",-0.07077107218130596,-0.18317366462292534,-0.20536375376143418,349,-0.04218220604477374
vela envolvente,4h,"{'slow': 60, 'hold': 10}",-0.14936075925537162,-0.3235254576628324,-0.36915709868466945,332,-0.12858646765568704
vela envolvente,4h,"{'slow': 60, 'hold': 20}",-0.15421454065746076,-0.3841653956501792,-0.25907521919370347,290,-0.22172982907515382
vela envolvente,4h,"{'slow': 100, 'hold': 5}",-0.0339539918074675,-0.18113021839510493,-0.07155976456935581,332,0.027475374620872905
vela envolvente,4h,"{'slow': 100, 'hold': 10}",-0.03106805155996628,-0.23650387251597216,-0.017420059903018172,305,0.03455044618456515
vela envolvente,4h,"{'slow': 100, 'hold': 20}",-0.07956050695038641,-0.3321685752396495,-0.09382309904441456,271,-0.0584309751458878
ruptura + volumen,4h,"{'n': 20, 'vol_mult': 1.3}",0.06945019320377743,-0.3236961602163142,0.25925762682562115,143,-0.042611477763352834
ruptura + volumen,4h,"{'n': 20, 'vol_mult': 1.5}",0.14886619607282747,-0.31966586152964027,0.4111728948805251,138,-0.025122819995982204
ruptura + volumen,4h,"{'n': 20, 'vol_mult': 2.0}",0.30338636567981614,-0.30625895254359703,0.6994460681912108,117,0.05983093741645451
ruptura + volumen,4h,"{'n': 40, 'vol_mult': 1.3}",0.21351331142157282,-0.23828081808945,0.6129616985482037,87,-0.09344127446177364
ruptura + volumen,4h,"{'n': 40, 'vol_mult': 1.5}",0.23255468613127572,-0.22235651603151188,0.6557602550012847,85,-0.0747197108379748
ruptura + volumen,4h,"{'n': 40, 'vol_mult': 2.0}",0.19967958625316906,-0.25215965799674495,0.5899345286651008,82,-0.11505536687599727
compresión Bollinger,4h,"{'n': 20, 'sq': 0.05}",0.11550470724798823,-0.2488373410152401,0.37576237786849387,158,-0.002196777922517046
compresión Bollinger,4h,"{'n': 20, 'sq': 0.08}",0.045808971548970234,-0.30011269269543717,0.21006304098049108,177,-0.07154351094874878
compresión Bollinger,4h,"{'n': 20, 'sq': 0.12}",-0.07678588837338363,-0.37100289653418317,-0.07759947020886684,183,-0.08354726424887482
cruce MACD filtrado,4h,{'trend': 60},-0.04456801462637083,-0.2456912875395009,-0.054545429097709895,175,-0.16444053216137144
cruce MACD filtrado,4h,{'trend': 100},-0.0008249268924435116,-0.2435818592699245,0.07645109437141999,165,-0.15928839069277378
cruce MACD filtrado,4h,{'trend': 200},0.37858747105018287,-0.15988681428085466,0.9530364542955165,161,0.019431646911678646
