ret,cagr,max_dd,sharpe,months,neg_months,worst_month,trades,win_rate,avg_win,avg_loss,fees_usd,variant,rebuys,period
0.9973691334790706,0.2859686181106409,-0.2406832418246538,0.9681475947677207,33,13,-0.12620777056669585,57,0.45614035087719296,7.903060271137715,-3.112404971196775,17.09223856387956,V0 actual (stop fijo 2xATR),0,PERIODO COMPLETO
0.5670249376804535,0.1773864414678341,-0.15821759219309403,0.9493554945543917,33,12,-0.08935225458102769,75,0.6133333333333333,3.1597174908410826,-3.0359624184788037,19.456931896260574,PT 1.5/3,0,PERIODO COMPLETO
0.616353823692446,0.1907279516509961,-0.17414554243544558,0.9569710351353977,33,14,-0.08903855388214366,66,0.5303030303030303,4.271157440953086,-2.8152615333036666,17.46602405183877,PT 2/4,0,PERIODO COMPLETO
0.5656071541587513,0.17699906138824772,-0.1834679810563627,0.7796395475177871,33,11,-0.09089186040501707,90,0.6,3.3735882297524404,-3.4565062994256897,27.617156746122745,"PT 1.5/3 + RH (corr 1.0, stop 2)",30,PERIODO COMPLETO
0.3515067111310195,0.11572820453150601,-0.20081354778137037,0.5314108030510583,33,13,-0.14034966361463708,99,0.5454545454545454,3.290171807063184,-3.1129594308814545,32.0871993224484,"PT 1.5/3 + RH (corr 0.5, stop 2)",55,PERIODO COMPLETO
0.687004272764411,0.20939212980000366,-0.1616521814235817,0.8958765679318494,33,11,-0.09124786038060584,93,0.6236559139784946,3.484590011423251,-3.710036036280382,28.662840332156293,"PT 1.5/3 + RH (corr 1.0, stop 1.5)",28,PERIODO COMPLETO
0.4756076560085487,0.15193682979247813,-0.21853550279357417,0.6768552816624559,33,13,-0.09396491769413462,80,0.5375,3.8545269610236446,-3.207542895922664,23.43471668717909,"PT 2/4 + RH (corr 1.0, stop 2)",25,PERIODO COMPLETO
0.49090468850686286,0.15626393148325257,-0.240439001826106,0.6472192005515472,33,13,-0.1550076505587743,88,0.5227272727272727,4.289360891250877,-3.4549601347561296,28.315137703119916,"PT 2/4 + RH (corr 0.5, stop 2)",40,PERIODO COMPLETO
0.5638742844547768,0.17652528717971294,-0.21044783551533613,0.7601001328323271,33,12,-0.09031198316766531,84,0.5595238095238095,4.008752473311322,-3.461050265568656,24.94121326304262,"PT 2/4 + RH (corr 1.0, stop 1.5)",24,PERIODO COMPLETO
0.2907773065206156,0.09723470117589894,-0.22144218976796545,0.5008601585588779,33,12,-0.11680647545900336,79,0.5316455696202531,3.2248819494617695,-2.939484988438331,21.174261608372856,"PT 2/4 + RH (corr 1.5, stop 2)",17,PERIODO COMPLETO
0.4278578189591544,0.29559762496016573,-0.2406832418246538,0.9668470457735432,16,7,-0.08974251982892889,33,0.45454545454545453,6.2510992492687025,-2.8220035944394835,8.396200896000389,V0 actual (stop fijo 2xATR),0,1ª MITAD
0.2746207352383143,0.19294831561469938,-0.13265932815052114,0.9904571842722983,16,7,-0.08935225458102769,43,0.627906976744186,2.848818837115896,-3.0802031865403636,10.41388086699154,PT 1.5/3,0,1ª MITAD
0.2677120092934868,0.18824342432759167,-0.15197674942190897,0.9285980597798094,16,8,-0.08903855388214366,38,0.5526315789473685,3.538624881869202,-2.836603259188297,9.198892672772622,PT 2/4,0,1ª MITAD
0.36763773923564425,0.2556350554675326,-0.16221450644838195,0.9757714775386621,16,5,-0.09089186040501707,51,0.6274509803921569,3.2200189471116234,-3.4755892686860625,14.352591521081925,"PT 1.5/3 + RH (corr 1.0, stop 2)",19,1ª MITAD
0.24144301525098188,0.17028969993922805,-0.20081354778137037,0.6825154246578923,16,6,-0.09502570655439979,55,0.5818181818181818,2.818638700440099,-2.9189774303800724,16.067514614945978,"PT 1.5/3 + RH (corr 0.5, stop 2)",30,1ª MITAD
0.36515341284495606,0.2539762407718873,-0.1616521814235817,0.9758472584071411,16,5,-0.09124786038060584,52,0.6346153846153846,3.3620210715074483,-3.9148221890903954,14.659226557766743,"PT 1.5/3 + RH (corr 1.0, stop 1.5)",18,1ª MITAD
0.25265647032065286,0.1779661710144822,-0.21853550279357417,0.7362770862631827,16,6,-0.09396491769413462,46,0.5652173913043478,3.3458665190539496,-3.158439052279168,12.209137006711863,"PT 2/4 + RH (corr 1.0, stop 2)",15,1ª MITAD
0.26595888605281526,0.18704842295930102,-0.240439001826106,0.7208115587754977,16,7,-0.09867047726668421,50,0.56,3.2948829526491608,-3.0377978395829457,13.794318171686287,"PT 2/4 + RH (corr 0.5, stop 2)",21,1ª MITAD
0.27240411943012766,0.19143954455820644,-0.21044783551533613,0.7793357917209094,16,6,-0.09031198316766531,47,0.574468085106383,3.6103913515493957,-3.57516998921252,12.583339109158612,"PT 2/4 + RH (corr 1.0, stop 1.5)",14,1ª MITAD
0.14705419612176063,0.10490002344024907,-0.22144218976796545,0.510657439284017,16,6,-0.11680647545900336,46,0.5652173913043478,2.7646630144280073,-2.9723759969899124,11.548775623932293,"PT 2/4 + RH (corr 1.5, stop 2)",11,1ª MITAD
0.33668271272039973,0.23490669549603704,-0.1761128087634386,0.8870700933769565,17,5,-0.12114075985811157,25,0.36,7.604362880419428,-2.1655344308029587,6.665040936082429,V0 actual (stop fijo 2xATR),0,2ª MITAD
0.169290122173124,0.12043256296220539,-0.15638273324524257,0.7225676720617736,17,5,-0.07032908229011503,32,0.53125,2.6671151132621693,-2.163964600786488,7.630539644728591,PT 1.5/3,0,2ª MITAD
0.21814341650427949,0.1542784987036545,-0.1695188986813444,0.8489759050755634,17,5,-0.07025428694128,29,0.4482758620689655,3.929685849332553,-2.080383857419344,7.155577823168375,PT 2/4,0,2ª MITAD
0.10193091280444544,0.0731244435072258,-0.1862602882716433,0.43091485040228567,17,6,-0.07898656430368212,39,0.5128205128205128,2.48974801466825,-2.32162332867498,10.638597159720874,"PT 1.5/3 + RH (corr 1.0, stop 2)",11,2ª MITAD
0.04990983823826167,0.03604697277665325,-0.19137049111686696,0.26662953346869744,17,7,-0.13520482718387217,44,0.45454545454545453,3.0478885535446123,-2.430199945537449,13.524132911887287,"PT 1.5/3 + RH (corr 0.5, stop 2)",25,2ª MITAD
0.19221293127197758,0.13636076264460795,-0.15581685380599475,0.6940168111661296,17,6,-0.07301437114596865,41,0.5609756097560976,2.5509774658435096,-2.3495609949371943,11.225443813247509,"PT 1.5/3 + RH (corr 1.0, stop 1.5)",10,2ª MITAD
0.15213613428005024,0.10845711814789705,-0.18103138309706515,0.5552208873474257,17,6,-0.08112296093663296,35,0.45714285714285713,3.5558247628989768,-2.436342883767089,9.798977575337751,"PT 2/4 + RH (corr 1.0, stop 2)",10,2ª MITAD
0.13867366326160702,0.0990246709479663,-0.17615267716295485,0.4920107171578837,17,5,-0.14690760860560326,39,0.41025641025641024,4.536406058500434,-2.6284094777571387,12.058700927184958,"PT 2/4 + RH (corr 0.5, stop 2)",19,2ª MITAD
0.2006534425157558,0.14220464955483236,-0.1689092358213327,0.6820472873976797,17,6,-0.08518014135422147,38,0.5,3.4304134384367804,-2.457635264364768,10.619554730798448,"PT 2/4 + RH (corr 1.0, stop 1.5)",10,2ª MITAD
0.09446105807480154,0.06783025108367102,-0.18073599775400354,0.40845883080627304,17,6,-0.08028817915492237,34,0.4411764705882353,3.2568917767921306,-2.351079966298521,8.91791180227597,"PT 2/4 + RH (corr 1.5, stop 2)",6,2ª MITAD
0.3111479143695084,0.3445329690809191,-0.2406832418246538,1.0778885863733234,11,4,-0.08974251982892889,27,0.4074074074074074,4.808332598290913,-2.650507349127394,6.40984256166216,V0 actual (stop fijo 2xATR),0,TERCIO 1
0.2040132117811495,0.22494049332718014,-0.13265932815052114,1.141055274730822,11,4,-0.08935225458102769,33,0.6060606060606061,2.1970968517942193,-2.6199292783453734,7.861274443852184,PT 1.5/3,0,TERCIO 1
0.19170910722790468,0.21126718842787184,-0.15197674942190897,1.0547429625335287,11,5,-0.08903855388214366,29,0.5172413793103449,2.6302523236174884,-2.3251381352799174,6.8473762642268285,PT 2/4,0,TERCIO 1
0.29920235346163593,0.33115196993015683,-0.16221450644838195,1.201768439386902,11,3,-0.09089186040501707,39,0.6153846153846154,2.386055246174333,-2.8915961114192985,10.64623250435243,"PT 1.5/3 + RH (corr 1.0, stop 2)",14,TERCIO 1
0.2675943686809472,0.29580112620406074,-0.20081354778137037,1.02540749659377,11,3,-0.0895964315099036,42,0.5952380952380952,2.29284700619632,-2.4495155166536042,11.798673369330047,"PT 1.5/3 + RH (corr 0.5, stop 2)",21,TERCIO 1
0.2887226655917283,0.3194223865445114,-0.1616521814235817,1.165283039106686,11,3,-0.09124786038060584,39,0.6153846153846154,2.7108300583846705,-3.4782821415667424,10.808799215372897,"PT 1.5/3 + RH (corr 1.0, stop 1.5)",13,TERCIO 1
0.22179822583364395,0.2447275244593503,-0.21853550279357417,0.940240680074893,11,4,-0.09046734721825811,35,0.5428571428571428,2.484492827319933,-2.58083168976259,9.088049474763903,"PT 2/4 + RH (corr 1.0, stop 2)",11,TERCIO 1
0.24576831745803718,0.2714381338077363,-0.240439001826106,0.954057185146847,11,4,-0.08934887674333747,37,0.5675675675675675,2.5574254338815203,-2.5185456273636766,9.740629636818994,"PT 2/4 + RH (corr 0.5, stop 2)",14,TERCIO 1
0.2320091434445255,0.25609997226034187,-0.21044783551533613,0.9691890884240486,11,4,-0.09031198316766531,35,0.5428571428571428,2.969032580250781,-3.091510335748851,9.285858938870444,"PT 2/4 + RH (corr 1.0, stop 1.5)",10,TERCIO 1
0.14692542623175742,0.1616114951679657,-0.22144218976796545,0.7039499193966829,11,4,-0.0905045708381147,35,0.5428571428571428,2.0924412935960297,-2.464428130517781,8.55840555443515,"PT 2/4 + RH (corr 1.5, stop 2)",7,TERCIO 1
0.05099215457327522,0.05585484166297627,-0.160896816881328,0.378065828057231,11,4,-0.07675325312730985,24,0.4166666666666667,5.124850184043917,-3.1190532951788215,4.90637127117178,V0 actual (stop fijo 2xATR),0,TERCIO 2
-0.01898664849048226,-0.020730494213557327,-0.1378866775143463,0.06259260912056351,11,4,-0.07724076989132289,31,0.5483870967741935,2.5376786558125524,-3.1630825809994674,6.338725133737324,PT 1.5/3,0,TERCIO 2
-0.011609828975119862,-0.01268052811522058,-0.1502730342656577,0.10881997864147852,11,4,-0.07642467546529463,29,0.4827586206896552,3.182271810096338,-2.981109791103671,5.9609410728664205,PT 2/4,0,TERCIO 2
-0.043818232190825035,-0.04778650233225501,-0.1719687224126204,-0.029769667535284046,11,4,-0.08330565108041688,33,0.5151515151515151,2.612467578576829,-3.021062913494341,7.536116487502207,"PT 1.5/3 + RH (corr 1.0, stop 2)",7,TERCIO 2
-0.08091214734915331,-0.08808148882964506,-0.17769015500481755,-0.17914455594485368,11,5,-0.0939483218541115,34,0.4411764705882353,2.7600615507405073,-2.610614454730276,8.183666373657061,"PT 1.5/3 + RH (corr 0.5, stop 2)",15,TERCIO 2
-0.0023263541751681327,-0.0025419986192867228,-0.1417987259135658,0.16426593663792616,11,4,-0.07700790376525402,33,0.5151515151515151,2.762436150448104,-2.8720275892710925,7.5917854501537745,"PT 1.5/3 + RH (corr 1.0, stop 1.5)",7,TERCIO 2
-0.05090085506475395,-0.05549171697773825,-0.16654419044175828,-0.06091321656073811,11,4,-0.0775781880735773,31,0.4838709677419355,2.874521949379881,-2.9884778120912108,6.819205919773255,"PT 2/4 + RH (corr 1.0, stop 2)",5,TERCIO 2
0.0039976704152289155,0.004369521189555359,-0.1620795416887568,0.19660189067157238,11,5,-0.07532484095474024,32,0.4375,3.775258706880152,-2.831964879576128,7.580076398651437,"PT 2/4 + RH (corr 0.5, stop 2)",10,TERCIO 2
-0.020618846751952025,-0.022510875703998123,-0.15070914287171056,0.0817589449802945,11,4,-0.07589116960408115,31,0.4838709677419355,2.9858220310375243,-2.8663972870390015,6.8590584127834475,"PT 2/4 + RH (corr 1.0, stop 1.5)",5,TERCIO 2
-0.05285642261505519,-0.057618248641510994,-0.16623134424556688,-0.07630760307041462,11,4,-0.0785589349283301,31,0.4838709677419355,2.8616996044371206,-2.9942424457106944,6.793065245827194,"PT 2/4 + RH (corr 1.5, stop 2)",4,TERCIO 2
0.31338496775516345,0.3470400992411473,-0.11557821142789962,1.3305363134679995,11,4,-0.11120751267996565,10,0.5,8.381627949475977,-2.324872948401188,3.793837136235265,V0 actual (stop fijo 2xATR),0,TERCIO 3
0.2235111045881899,0.2466346358738578,-0.05893993851550934,1.7115774394413001,11,4,-0.05136578457836449,13,0.6153846153846154,3.569152295381965,-2.1204119138269033,3.9153850070742156,PT 1.5/3,0,TERCIO 3
0.2536425522048602,0.28022309479011254,-0.06443009406122643,1.6459195703569953,11,4,-0.05121714477968298,10,0.5,6.339348886857636,-2.1755168353047294,3.412038238728969,PT 2/4,0,TERCIO 3
0.2487432058122232,0.27475649084300713,-0.08813959624286132,1.396196871371532,11,4,-0.06937516826510692,18,0.6111111111111112,3.7254469098592153,-2.85569743125559,6.99019764770337,"PT 1.5/3 + RH (corr 1.0, stop 2)",9,TERCIO 3
0.20880430079612888,0.2302682511129559,-0.1283470695780711,1.0499281186146767,11,4,-0.12442998845261666,25,0.56,3.6833222536194,-2.862929088102987,9.998561811376014,"PT 1.5/3 + RH (corr 0.5, stop 2)",18,TERCIO 3
0.26924169542177423,0.2976415183822929,-0.08842104752845889,1.517513296103585,11,5,-0.05117047108182482,22,0.7272727272727273,2.6732981289092557,-3.1436480723511093,7.788221169268072,"PT 1.5/3 + RH (corr 1.0, stop 1.5)",9,TERCIO 3
0.24410632569970003,0.2695845752326198,-0.11285653660781986,1.2290964837313714,11,4,-0.08198645316538455,14,0.5,5.90195571341323,-3.050934289597785,5.908766245900974,"PT 2/4 + RH (corr 1.0, stop 2)",9,TERCIO 3
0.2269355694624371,0.2504481621711716,-0.14264416044227315,1.0656673533031293,11,4,-0.1359953195759236,17,0.4117647058823529,7.227957797136854,-2.874910347849607,7.2546114272132485,"PT 2/4 + RH (corr 0.5, stop 2)",14,TERCIO 3
0.24947077860765532,0.27556817801799793,-0.10606810843681098,1.254296000498504,11,4,-0.08723803595531898,18,0.6111111111111112,4.172306569847319,-3.3074174668810703,6.8193847322767835,"PT 2/4 + RH (corr 1.0, stop 1.5)",9,TERCIO 3
0.19920520409822595,0.21959589954722603,-0.10344150084322801,1.1635659157091416,11,4,-0.0808877584460076,13,0.46153846153846156,5.830389769249692,-2.8789976931263013,4.808595613966727,"PT 2/4 + RH (corr 1.5, stop 2)",4,TERCIO 3
