ret,cagr,max_dd,sharpe,months,neg_months,worst_month,trades,win_rate,avg_win,avg_loss,fees_usd,variant,period
0.9973136202212631,0.285955624443301,-0.2406832418246538,0.9681149741847521,33,13,-0.12620777056669585,57,0.45614035087719296,7.903060271137715,-3.112404971196775,17.09223856387956,V0 actual (stop fijo 2xATR),PERIODO COMPLETO
0.740372185297016,0.22316329747972175,-0.25520566841315534,0.8120716646116063,33,16,-0.12481912246879912,84,0.30952380952380953,7.168438540281145,-1.8279359318531359,21.849570053488897,BE 1.0 (stop a entrada a +1 ATR),PERIODO COMPLETO
0.8105937476440634,0.24087990604084997,-0.23809033897613807,0.8580555930303062,33,15,-0.1246643100835696,75,0.3466666666666667,7.421201676345996,-2.1376266019521597,20.221570218790006,BE 1.5,PERIODO COMPLETO
0.5853357569798274,0.1823695731657793,-0.28525719840677033,0.6781915123144248,33,16,-0.15670214462113907,131,0.4732824427480916,4.516835873468641,-2.9753996391841184,33.27824183320119,TR 2.0 (stop dinámico 2xATR),PERIODO COMPLETO
0.7679768639958409,0.2301811681630661,-0.27097636120751745,0.8126208789246538,33,14,-0.1584849471049966,104,0.5,4.906594786120971,-3.133813264377664,28.083683582751167,TR 2.5,PERIODO COMPLETO
0.7201447336385671,0.21797582065769894,-0.24876271597441119,0.7982681850198904,33,13,-0.16143581708035992,90,0.4777777777777778,5.45984771244358,-3.1541208696869996,25.373110774411394,TR 3.0,PERIODO COMPLETO
0.5670148821288277,0.17738369478153682,-0.15821759219309403,0.9493433018787071,33,12,-0.08935225458102769,75,0.6133333333333333,3.1597174908410826,-3.0359624184788037,19.456931896260574,PT 1.5/3 (parciales),PERIODO COMPLETO
0.6163400117228199,0.1907242525851609,-0.17414554243544558,0.9569558223843994,33,14,-0.08903855388214366,66,0.5303030303030303,4.271157440953086,-2.8152615333036666,17.46602405183877,PT 2/4,PERIODO COMPLETO
0.5954675184122986,0.1851111158802261,-0.17247527877326008,0.8552406640647207,33,12,-0.0991508715662045,86,0.5348837209302325,3.5524616777839637,-2.560500258707432,33.08810446213974,PT 1.5/3 + RE (recompra en EMA20),PERIODO COMPLETO
0.7961685177511673,0.23727664997615117,-0.17633697900638362,0.9970167265563258,33,13,-0.10397246982364527,73,0.5342465753424658,4.980343354307266,-3.22432034528878,29.807977632337717,PT 2/4 + RE,PERIODO COMPLETO
0.5734481715726345,0.17913866862242256,-0.2088242482538625,0.7962142201436353,33,12,-0.13696291351057732,94,0.574468085106383,3.8535061246670756,-3.4924661511004045,25.519846170399095,PT 2/4 + TR 3.0,PERIODO COMPLETO
0.5037071040099526,0.15986370621720458,-0.21002735393322933,0.7119319162437614,33,12,-0.14589950909273752,94,0.5638297872340425,3.76600710000812,-3.3884375508695084,29.645924770075638,PT 2/4 + RE + TR 3.0,PERIODO COMPLETO
0.5897199964986575,0.18355726458399668,-0.2514712504872516,0.7045434978300862,33,15,-0.1595552949840151,101,0.39603960396039606,5.340237093838062,-2.369263759816564,26.3790834086659,BE 1.5 + TR 3.0,PERIODO COMPLETO
0.4278578189591544,0.29559762496016573,-0.2406832418246538,0.9668470457735432,16,7,-0.08974251982892889,33,0.45454545454545453,6.2510992492687025,-2.8220035944394835,8.396200896000389,V0 actual (stop fijo 2xATR),1ª MITAD
0.32047429962995744,0.22400090440064924,-0.25520566841315534,0.7947097733563268,16,8,-0.0993039373441933,49,0.32653061224489793,5.529004294727404,-1.7396818177382882,11.297411424298197,BE 1.0 (stop a entrada a +1 ATR),1ª MITAD
0.3537560079695592,0.24635546451734558,-0.23809033897613807,0.8505171536441326,16,7,-0.09314463037073273,43,0.37209302325581395,5.693635918119288,-2.078605688061645,10.249142058021015,BE 1.5,1ª MITAD
0.2630148494610147,0.1850406291377633,-0.28525719840677033,0.675847888852426,16,9,-0.08921528158983094,69,0.5217391304347826,3.411776717128701,-2.983198538458789,15.299533372247776,TR 2.0 (stop dinámico 2xATR),1ª MITAD
0.32195034957245894,0.22499556695433598,-0.27097636120751745,0.7903817688182668,16,8,-0.10056329447316026,57,0.5263157894736842,3.779626269107166,-3.03075045290411,12.674605914194842,TR 2.5,1ª MITAD
0.36881640182994224,0.25642177502549957,-0.24876271597441119,0.8818255190168708,16,7,-0.09981616818965466,49,0.4897959183673469,4.438470104327019,-2.828737755176556,11.388423106259168,TR 3.0,1ª MITAD
0.2746207352383143,0.19294831561469938,-0.13265932815052114,0.9904571842722983,16,7,-0.08935225458102769,43,0.627906976744186,2.848818837115896,-3.0802031865403636,10.41388086699154,PT 1.5/3 (parciales),1ª MITAD
0.2677120092934868,0.18824342432759167,-0.15197674942190897,0.9285980597798094,16,8,-0.08903855388214366,38,0.5526315789473685,3.538624881869202,-2.836603259188297,9.198892672772622,PT 2/4,1ª MITAD
0.34473402729530367,0.24031057389781618,-0.1556925183663328,1.0325826843929928,16,7,-0.09160775431561885,48,0.6041666666666666,3.0789922399484597,-2.833618041228793,15.67583064978534,PT 1.5/3 + RE (recompra en EMA20),1ª MITAD
0.46198125280840174,0.31803761750611037,-0.15857528437197352,1.2391906250345706,16,8,-0.088980696216163,41,0.5853658536585366,3.946736937221876,-2.733017109200055,13.693070384197423,PT 2/4 + RE,1ª MITAD
0.27630326794416704,0.19409307739581316,-0.2088242482538625,0.8157821307138652,16,7,-0.09987335557822097,51,0.6078431372549019,3.1459317664080895,-3.5546049009361043,12.09044008629142,PT 2/4 + TR 3.0,1ª MITAD
0.30959583396368195,0.21666086773466864,-0.21002735393322933,0.8736100200000101,16,7,-0.09991614052595876,51,0.6078431372549019,3.253243027025765,-3.533511962045457,13.857340171989218,PT 2/4 + RE + TR 3.0,1ª MITAD
0.2842926835018469,0.19952330855277967,-0.2514712504872516,0.7326494927139194,16,7,-0.09977328661271412,55,0.43636363636363634,4.182709798186169,-2.3795821077551085,12.345034384797462,BE 1.5 + TR 3.0,1ª MITAD
0.33666240165768313,0.23489305191078502,-0.1761128087634386,0.8870311711579679,17,5,-0.12114075985811157,25,0.36,7.604362880419428,-2.1655344308029587,6.665040936082429,V0 actual (stop fijo 2xATR),2ª MITAD
0.2765210499849724,0.19424122185006376,-0.1841303498969863,0.7689540852519624,17,7,-0.12116541394367175,36,0.25,7.400141357855893,-1.4610762864683111,8.65368900111837,BE 1.0 (stop a entrada a +1 ATR),2ª MITAD
0.29137237729823773,0.2043275216709326,-0.18170514705228383,0.799896648091144,17,7,-0.12061743594122043,32,0.28125,7.473515520339867,-1.6724009841581708,7.871120826556632,BE 1.5,2ª MITAD
0.20456921943230677,0.1449119739302116,-0.1798106776873983,0.5980945791843019,17,7,-0.1503837258276094,62,0.4032258064516129,4.447179440906472,-2.2613899328488527,14.766738073491343,TR 2.0 (stop dinámico 2xATR),2ª MITAD
0.26596262846917496,0.18705097442602647,-0.17308638760157144,0.724918805313486,17,7,-0.15219535811465446,48,0.4166666666666667,4.745215382286072,-2.2455351537050015,12.143812650078193,TR 2.5,2ª MITAD
0.22518203606381437,0.15912409361253177,-0.1709779203806266,0.6540664088157685,17,7,-0.15888842765149036,42,0.40476190476190477,5.0314543140746295,-2.331212916724589,10.954377020035567,TR 3.0,2ª MITAD
0.1692857906805323,0.12042954516269289,-0.15638273324524257,0.722552723972059,17,5,-0.07032908229011503,32,0.53125,2.6671151132621693,-2.163964600786488,7.630539644728591,PT 1.5/3 (parciales),2ª MITAD
0.21813814134838116,0.15427486426881898,-0.1695188986813444,0.8489593936729881,17,5,-0.07025428694128,29,0.4482758620689655,3.929685849332553,-2.080383857419344,7.155577823168375,PT 2/4,2ª MITAD
0.12927597392181656,0.09242216295126293,-0.17095299299662434,0.5127766402698127,17,5,-0.09777027237562996,38,0.39473684210526316,3.1127837607789357,-1.646746394341951,13.909156572847998,PT 1.5/3 + RE (recompra en EMA20),2ª MITAD
0.16733537250679897,0.11907035672403299,-0.17034912175392264,0.6135351716010591,17,5,-0.09746602527482096,33,0.42424242424242425,4.102703238417599,-2.294728793509505,11.96828299240967,PT 2/4 + RE,2ª MITAD
0.20607665514693085,0.1459535575835047,-0.1713530025930239,0.7091758225330541,17,5,-0.1367983381833523,44,0.5,3.649907384776631,-2.5339509840502505,11.431849683583604,PT 2/4 + TR 3.0,2ª MITAD
0.12647791947208886,0.09045344869178207,-0.17127899008793068,0.48010868926543204,17,6,-0.14610234156684765,44,0.4772727272727273,3.328429340460102,-2.364506678402588,13.07039443599793,PT 2/4 + RE + TR 3.0,2ª MITAD
0.21933206995150445,0.1550973381924392,-0.18167384782246235,0.6404699450328112,17,7,-0.1588020052203778,46,0.32608695652173914,5.4914747092131,-1.8554722040454905,11.569685211667117,BE 1.5 + TR 3.0,2ª MITAD
